"id","name","parent_id/id","sequence","image_small"
"__export__.product_public_category_725","ABRASIVE PADS","__export__.product_public_category_397","0",""
"__export__.product_public_category_397","ABRASIVES","","0","/9j/4AAQSkZJRgABAQAAAQABAAD/2wBDAAgGBgcGBQgHBwcJCQgKDBQNDAsLDBkSEw8UHRofHh0a
HBwgJC4nICIsIxwcKDcpLDAxNDQ0Hyc5PTgyPC4zNDL/2wBDAQkJCQwLDBgNDRgyIRwhMjIyMjIy
MjIyMjIyMjIyMjIyMjIyMjIyMjIyMjIyMjIyMjIyMjIyMjIyMjIyMjIyMjL/wAARCABAAEADASIA
AhEBAxEB/8QAHwAAAQUBAQEBAQEAAAAAAAAAAAECAwQFBgcICQoL/8QAtRAAAgEDAwIEAwUFBAQA
AAF9AQIDAAQRBRIhMUEGE1FhByJxFDKBkaEII0KxwRVS0fAkM2JyggkKFhcYGRolJicoKSo0NTY3
ODk6Q0RFRkdISUpTVFVWV1hZWmNkZWZnaGlqc3R1dnd4eXqDhIWGh4iJipKTlJWWl5iZmqKjpKWm
p6ipqrKztLW2t7i5usLDxMXGx8jJytLT1NXW19jZ2uHi4+Tl5ufo6erx8vP09fb3+Pn6/8QAHwEA
AwEBAQEBAQEBAQAAAAAAAAECAwQFBgcICQoL/8QAtREAAgECBAQDBAcFBAQAAQJ3AAECAxEEBSEx
BhJBUQdhcRMiMoEIFEKRobHBCSMzUvAVYnLRChYkNOEl8RcYGRomJygpKjU2Nzg5OkNERUZHSElK
U1RVVldYWVpjZGVmZ2hpanN0dXZ3eHl6goOEhYaHiImKkpOUlZaXmJmaoqOkpaanqKmqsrO0tba3
uLm6wsPExcbHyMnK0tPU1dbX2Nna4uPk5ebn6Onq8vP09fb3+Pn6/9oADAMBAAIRAxEAPwD3+iii
gAoorndV8d+GNGuWtr3WIBOvDRRBpXU+hCAkH60XsNRb0R0VFcxp/wARPCmpzrBBrMKyt91bhHhy
fQbwMmumZlRSzEADqScChO+wOLjuhaKajrIoZGDKe4ORTqBBXI+IPiR4c8PXD2s1zJdXkZw9vaJ5
jIfRjkKp9ic1Q+K/ie60Dw5DbWErQ3moSGISocNHGBl2U9m6AHtuz1FfPvIeOGLC7s8+lbU6aa5p
bHNWrOMuSO56d4s+K1xrum/YNJtrnT45GPnzNIvmMn91dp+XPc5zjjvXn8EDyvHBbRFndgiRoOSx
OAAPUmrNx4fubXS7PUGu4Sl2CYlS5V34/vIOnp7Hg1Dal3RW5Vx3Bxgg9RT9jSqq8RxxeIw7UZJN
MffWV1p1y1nfW728ylQ8cy4IDdMj8a6kXCQW1vZ/Z2u0ihEYae4EjIxPSMHcqKOgAGfXsKonw/e6
1b+bKTiePJ+aSeaReRuOAxA4OM46cZpiiayVY9Ut5rhcYW8hgf5wO7xHa2emSuR9K8yTpyk4N7Ho
1JylGLTNWSW/0TUNtva3umX6YYjzRkr9AgDAn1yO2K9f8H6/J4h0IXFzGIryGQwXCAYG8YOQOwII
OO2cdq8UbWdBurn7TLM90/GbeCCSNXx2ZpOVHrjJ9MV698PIrJPDZntLmCdrmd5p/IXakbnHyBeq
gAAYNbUk1tFpef8AwTmb13M34r+GrjXfDkN1YxNLd6fIZRGoyXjIw4A7nof+A4714IqK7KcZ2n6c
+lfXNct4g8AaBr/nTyWMcV86nbcREoS2OC2Pvc+tdtOryqzOath+d3R4GlxEq5SzQNjlmfOf0pBt
jMZkkRDI4RNzBQzHoBnvWc9lrtndS2d9cRQXFu+yaIW4DAg8jPoR0I6g5FTy6bBdXsz/AGV5DcEr
HE8hmKqeiKT7+gHWh4qEVaCNYZfWqO9R6HX6XPJY3UcCz38UTSL9oW32byAOcA8Z579qt3rTahq0
drG+oTRtKBapcFfN5wM5HHrz2HXvXSaf8MtVt9Ns/wDibpNKIVEkd5ESyHAyBIhBIz6+latr8PJt
rLc6kkKOuyT7FERI691MjszAewxXmTpScrqKv3/rU6VJJWueVzT2kcF3E8/79JQsUYt45ElGfmLP
1HHTHtXTfCOaceLruK2LfZHtWaUEnHDr5ZPvyw+hNdFJ8G9J839xqd7HDnOxtrn/AL6IzXY+HvDO
m+GbNrfT4mBcgySyNueQjpk/0rvTSjbc5nFuV9jYoooqDQxtb8KaJ4hZX1KwjllQYWYZSQD03DBx
7dKj0jwboOhzCeysEE46SyMXYfQnp+FbtFKyK5pWtfQKKKKZIUUUUAf/2Q==
"
"__export__.product_public_category_398","ADHESIVE","","0","/9j/4AAQSkZJRgABAQAAAQABAAD/2wBDAAgGBgcGBQgHBwcJCQgKDBQNDAsLDBkSEw8UHRofHh0a
HBwgJC4nICIsIxwcKDcpLDAxNDQ0Hyc5PTgyPC4zNDL/2wBDAQkJCQwLDBgNDRgyIRwhMjIyMjIy
MjIyMjIyMjIyMjIyMjIyMjIyMjIyMjIyMjIyMjIyMjIyMjIyMjIyMjIyMjL/wAARCABAAEADASIA
AhEBAxEB/8QAHwAAAQUBAQEBAQEAAAAAAAAAAAECAwQFBgcICQoL/8QAtRAAAgEDAwIEAwUFBAQA
AAF9AQIDAAQRBRIhMUEGE1FhByJxFDKBkaEII0KxwRVS0fAkM2JyggkKFhcYGRolJicoKSo0NTY3
ODk6Q0RFRkdISUpTVFVWV1hZWmNkZWZnaGlqc3R1dnd4eXqDhIWGh4iJipKTlJWWl5iZmqKjpKWm
p6ipqrKztLW2t7i5usLDxMXGx8jJytLT1NXW19jZ2uHi4+Tl5ufo6erx8vP09fb3+Pn6/8QAHwEA
AwEBAQEBAQEBAQAAAAAAAAECAwQFBgcICQoL/8QAtREAAgECBAQDBAcFBAQAAQJ3AAECAxEEBSEx
BhJBUQdhcRMiMoEIFEKRobHBCSMzUvAVYnLRChYkNOEl8RcYGRomJygpKjU2Nzg5OkNERUZHSElK
U1RVVldYWVpjZGVmZ2hpanN0dXZ3eHl6goOEhYaHiImKkpOUlZaXmJmaoqOkpaanqKmqsrO0tba3
uLm6wsPExcbHyMnK0tPU1dbX2Nna4uPk5ebn6Onq8vP09fb3+Pn6/9oADAMBAAIRAxEAPwD3+imy
yxwxPLK6xxopZnY4CgdST2FeUeJ/jfYabI8Gi2X21xx9oncxxZ9hjcw/KrhTlP4UTKcY6M9Zor5r
k+OniuafKNpsS/3Us2I/WTNdPonxt1QMG1jSra6tuN0mnkxyIPXy3JDfgwrRYecvh1JlVjH4tD22
iqOj6xYa9pcOpabcLPazD5XAIII4IIPIIPBBq9WDVtGaBRRRQB578Xby5h8NW9pDuEVzPtlI7hVJ
Cn6nn/gNfMFzLJLcSNJnduIwe1fZfiXSrDV9CubfUm2W6KZfN7xFQTuH0GfwzXiet/Cu903Vhdya
Uuq2yNlhC7KJR6MFO9T9M/U16NLlq0VBOzTe/X/gnDOUqNdzkrxaW2tv+AeLhwj/ADOqn0LAGt3R
bvEqxhgwY8YOea9psvFp0q1+yab8OrK0bG393kAn3AiBP4n8a5670G913Uv7QvNM0zSiQQRZ2qxM
wPXIHLH3Y1dClUoz5p2S9f8AImvWhWg4QTk35f5nV/BBbkR6/wDfFiZojHn7vm7W3499vl5/CvWq
4D4dXMGnQzaMBtRpWkhYnOTjDAn14z+fpXf1w4iSnVcl1OujFwpqL3QUUUVialTVLIalpN5YM5QX
MDwlgPu7lIz+tczpevi7hGlamy22u2yiOaGU7TKQP9ZGf4g3Xjn+ddjWfq2haXrkIi1OxhuVH3S6
/Mv0Ycj8DW1Ocbcs9vyMpwlfmhv+ZyF95wmZSsn0wa5jW9dsdHULcOZLtziGzh+aaVj0AUcjPqa7
Cb4W6BM3+v1WOP8A55R38gT6dc/rWpoPgbw34ana40vSoYrlutw5Mknv8zEkfhVc1OOzv8hpye6s
cnofhfxBZ+H7bUtQ2jUWkaeW1iHzQKW3KoP8TKOv5DOOfRLG7F3bq2RvwC2Ohz0I9jVqsvVIprSF
tQsEVp4QWaEnCyp1Yex7g+v1NZOXNuXaxqUVk6R4hsdY/dxOYrkDLW8nDgeo/vD3Ga1qgYUUUUAF
FFFABRRRQB5t4k0UWOpBY1YRuTJbuhwUPcA9iP5Eelb3hbWbqWQWF7IZjtzHMx+Y47N6n9a6ae3h
uo/LnjV1znB7H1HoapJoltHfQ3SFwYiWCjGCSMc+uAT+dXdNaiP/2Q==
"
"__export__.product_public_category_677","ALLEN BOLT","__export__.product_public_category_405","0",""
"__export__.product_public_category_640","ALLEN KEY","__export__.product_public_category_406","0",""
"__export__.product_public_category_678","ALLEN SCREWS","__export__.product_public_category_405","0",""
"__export__.product_public_category_581","ALUMINIUM WIRE MESH","__export__.product_public_category_420","0",""
"__export__.product_public_category_607","Angle Grinder","__export__.product_public_category_413","0",""
"__export__.product_public_category_633","BALE PATTY","__export__.product_public_category_408","0",""
"__export__.product_public_category_634","BALE PATTY CLIPS","__export__.product_public_category_408","0",""
"__export__.product_public_category_714","BALL BEARINGS","__export__.product_public_category_399","0","/9j/4AAQSkZJRgABAQAAAQABAAD/2wBDAAgGBgcGBQgHBwcJCQgKDBQNDAsLDBkSEw8UHRofHh0a
HBwgJC4nICIsIxwcKDcpLDAxNDQ0Hyc5PTgyPC4zNDL/2wBDAQkJCQwLDBgNDRgyIRwhMjIyMjIy
MjIyMjIyMjIyMjIyMjIyMjIyMjIyMjIyMjIyMjIyMjIyMjIyMjIyMjIyMjL/wAARCABAAEADASIA
AhEBAxEB/8QAHwAAAQUBAQEBAQEAAAAAAAAAAAECAwQFBgcICQoL/8QAtRAAAgEDAwIEAwUFBAQA
AAF9AQIDAAQRBRIhMUEGE1FhByJxFDKBkaEII0KxwRVS0fAkM2JyggkKFhcYGRolJicoKSo0NTY3
ODk6Q0RFRkdISUpTVFVWV1hZWmNkZWZnaGlqc3R1dnd4eXqDhIWGh4iJipKTlJWWl5iZmqKjpKWm
p6ipqrKztLW2t7i5usLDxMXGx8jJytLT1NXW19jZ2uHi4+Tl5ufo6erx8vP09fb3+Pn6/8QAHwEA
AwEBAQEBAQEBAQAAAAAAAAECAwQFBgcICQoL/8QAtREAAgECBAQDBAcFBAQAAQJ3AAECAxEEBSEx
BhJBUQdhcRMiMoEIFEKRobHBCSMzUvAVYnLRChYkNOEl8RcYGRomJygpKjU2Nzg5OkNERUZHSElK
U1RVVldYWVpjZGVmZ2hpanN0dXZ3eHl6goOEhYaHiImKkpOUlZaXmJmaoqOkpaanqKmqsrO0tba3
uLm6wsPExcbHyMnK0tPU1dbX2Nna4uPk5ebn6Onq8vP09fb3+Pn6/9oADAMBAAIRAxEAPwD3+ime
anr+lHmp6/pQA+imeanr+lHmp6/pQA+im7x7/kaTzU9f0oAfRTPNT1/SjzU9f0oAr0UVn6xrNpol
rFNdOA08qwQR5wZZG6KPwBJ9hQBoVxvivxpPpWq2+iaRYT3+qTsoKQJuMYP8RPRQACcn07ckVtS8
UazciRtDtbm6WD/WyxlYoN2SGQF4mLYxyR6jA5riJdQnl8Ta74gS0u5LgQmCTT14eKVW+bOeCu19
wbpt59QFcDbnn8V6Rc3+rSaJa6hAh32wiMhnmHcFy/B9Nu76V2WieL7TVrazuAksMN1tQLOMPDIR
kI3rnIwf/r46GGWC6tY5Idr28qAqOxUjpXi3iPSEbxf4j0TSrx7W5vrSG8KqCQphl++D2Y/MMcfe
zRsM9topAWKqX+8QCfrjmlpiCuU8eaeLnTra/VFM9g0ksLuSFRyu0MfTAzz269q6ukZVdGR1DIww
VYZBFAHn3h7V7dPh9FouhW8i39rYCCUXEZWKGUjDtI/3eDuOO/UcHNcnYabrutJfeI9H3yIJIFtW
nD+W4SEo+1T8xhLMcHGcNyuM49B/4Vp4WN5FcGyk2RSGWOASsI0Y45Cg+w47dsUj6h4gsxLpCQ6b
Hfu7NpsUaSCJ7dH+bc4GEbYQB1w3XqKQHGf8JtqWnR2MBttX02eTIltbW3SaCNh1O8oxCnttz+Fa
3gPw5q1xqF1rms+X5M+5YN0ZWZ4y4ID56cIox9e5NX7DQdQCHQ4brUrWaxljmm1W4jWUXQMaqVQn
nHJIPJBjy2c89C0+t6sdRto430Vre4VYLtlWYToGOdqnsV289i2OxyWA2ycnNFVbaTUHv71bqC3S
0Vl+yyRyEvICPm3D+HB4q1TAseUnp+tHlJ6frT6KAGeUnp+tL5a4xg4+tOooAb5a+n60nlJ/dp9F
ADPKT0/Wjyk9P1p9FAH/2Q==
"
"__export__.product_public_category_635","BAND","__export__.product_public_category_408","0",""
"__export__.product_public_category_594","BANDSAW BLADES","__export__.product_public_category_417","0",""
"__export__.product_public_category_616","BASKET","__export__.product_public_category_410","0",""
"__export__.product_public_category_399","BEARINGS","","0","/9j/4AAQSkZJRgABAQAAAQABAAD/2wBDAAgGBgcGBQgHBwcJCQgKDBQNDAsLDBkSEw8UHRofHh0a
HBwgJC4nICIsIxwcKDcpLDAxNDQ0Hyc5PTgyPC4zNDL/2wBDAQkJCQwLDBgNDRgyIRwhMjIyMjIy
MjIyMjIyMjIyMjIyMjIyMjIyMjIyMjIyMjIyMjIyMjIyMjIyMjIyMjIyMjL/wAARCABAAEADASIA
AhEBAxEB/8QAHwAAAQUBAQEBAQEAAAAAAAAAAAECAwQFBgcICQoL/8QAtRAAAgEDAwIEAwUFBAQA
AAF9AQIDAAQRBRIhMUEGE1FhByJxFDKBkaEII0KxwRVS0fAkM2JyggkKFhcYGRolJicoKSo0NTY3
ODk6Q0RFRkdISUpTVFVWV1hZWmNkZWZnaGlqc3R1dnd4eXqDhIWGh4iJipKTlJWWl5iZmqKjpKWm
p6ipqrKztLW2t7i5usLDxMXGx8jJytLT1NXW19jZ2uHi4+Tl5ufo6erx8vP09fb3+Pn6/8QAHwEA
AwEBAQEBAQEBAQAAAAAAAAECAwQFBgcICQoL/8QAtREAAgECBAQDBAcFBAQAAQJ3AAECAxEEBSEx
BhJBUQdhcRMiMoEIFEKRobHBCSMzUvAVYnLRChYkNOEl8RcYGRomJygpKjU2Nzg5OkNERUZHSElK
U1RVVldYWVpjZGVmZ2hpanN0dXZ3eHl6goOEhYaHiImKkpOUlZaXmJmaoqOkpaanqKmqsrO0tba3
uLm6wsPExcbHyMnK0tPU1dbX2Nna4uPk5ebn6Onq8vP09fb3+Pn6/9oADAMBAAIRAxEAPwD3+iii
gAopskscKF5XVEHVmOAKhhvbW4fbDcRSN6KwNOwFiiiikAUUUUAFZ2u63Z+HdEu9X1B/LtbWMyOe
57AD3JIA9zWjXD/FTTP7b+Ht9a+a0aZSR2HopyM+2QKcVd2E3ZXHaTZzeMreDWL65dbWT5oUhbAK
n+6fT/a6n2qrd3+ki/uNL0Hw6dSvbWRUmmPAjJwT85O4sBz1A/2q0/EU66B8OjDYNJAq20drBLBn
9zuARWBHTHr64qhocFrb2Fyty6w29ugN5KxGS23cVJ7qgbaB0yG46U5zblZf1/X6iUUldmtY61NZ
3X2O8lguAzEgwzqzwr6MpYs3rnrXSI6yIHQ5UjINeD23jxtU8SOFldNL+0qq2svI8tm2ZQHOyRFx
JlSME4r2jQJJZtDtJJW3O0YJOMVMlKElF9f6/UpNNXRpUUUUAFecap42XU7240TQ7B9Tk8ya1lgE
eDLswshBYhViUnaXbq3C5r0evKJLfWPB3i7Vri20ae7s9UEPlS29u0piCli6FU5BLOWzjBJOa0pk
TKU/iPVfIn8E6xpk2mStar9jeKcXDsibehX7xGBkdSM/WpNRhkv7AzRzGBJp91xbzWcsyBj95ZUj
IZBuBKsMgBiCOho03wpr9zrl14j1D7ZFdGK4Fh9pdfMheVApfC5CYUAKmSF5JOTiuftbu0u/Dcmn
3Nq+qeIop/s62125aWKJH2hY0XnzGVdxkwOXLFtoAF8qclJbr9f+GIvpZnTSaLFbqbieyjFvYRM7
RWlp88mRgJHyduc9ScnPbrWpF49u7PVtJiaxtjpGo3C2tqVm2TMC4QTLERzHuZRktkj5sYrrPDum
XNp4U0qx1dxPew2scc7Ft2XCjPPfnv3xVDTfAmm6ZdQzx3N7cfZgRZx3MoZLXIK/IAByFJALEkDo
ayTu25u7/rY0emkdiW78baZavvAlns1CmS7gXzIkU9GJXIC+5x68iukrhE8C3LxJo0rWUWgQ3JuI
1tg6SuMn5GAwuMHbnJ+UDgHBHd0St0Gr9QoPSiipGee614r8Qf21f6fYLa2f2YosBmiLtcMQCQOQ
O/AHPHXkVhxXni/xBNNeR6le6NqCllgtLa3SSB9nDF1Ybss3rnHTtk+sNaW7zrO0KGVej45/OpSi
kAFRgdBiteeKWxHK+5yFroUnijSdP1DxDarDfSWyrPDFIwVWDFgykH5TnnrkdMmuwoorNu5SVgoo
opDP/9k=
"
"__export__.product_public_category_641","BENCH VICE","__export__.product_public_category_406","0",""
"__export__.product_public_category_583","BINDING WIRE","__export__.product_public_category_419","0",""
"__export__.product_public_category_642","BIT SOCKET","__export__.product_public_category_406","0",""
"__export__.product_public_category_696","BLADE","__export__.product_public_category_403","0",""
"__export__.product_public_category_697","Blade Guide","__export__.product_public_category_403","0",""
"__export__.product_public_category_596","BODY PROTECTION","__export__.product_public_category_415","0",""
"__export__.product_public_category_726","BONDED WHEELS","__export__.product_public_category_397","0",""
"__export__.product_public_category_708","BRUSH","__export__.product_public_category_400","0",""
"__export__.product_public_category_727","BUFFING WHEEL","__export__.product_public_category_397","0",""
"__export__.product_public_category_643","CABLE CUTTER","__export__.product_public_category_406","0",""
"__export__.product_public_category_688","CABLES & WIRES","__export__.product_public_category_404","0",""
"__export__.product_public_category_689","CABLE TIES","__export__.product_public_category_404","0",""
"__export__.product_public_category_592","CALLIPERS","__export__.product_public_category_418","0",""
"__export__.product_public_category_717","CELLO TAPES","__export__.product_public_category_398","0",""
"__export__.product_public_category_644","CHISEL","__export__.product_public_category_406","0",""
"__export__.product_public_category_690","CHOKE","__export__.product_public_category_404","0",""
"__export__.product_public_category_691","CIRCUIT BREAKERS & FUSES","__export__.product_public_category_404","0",""
"__export__.product_public_category_645","CLAMPS","__export__.product_public_category_406","0",""
"__export__.product_public_category_400","CLEANING","","0","/9j/4AAQSkZJRgABAQAAAQABAAD/2wBDAAgGBgcGBQgHBwcJCQgKDBQNDAsLDBkSEw8UHRofHh0a
HBwgJC4nICIsIxwcKDcpLDAxNDQ0Hyc5PTgyPC4zNDL/2wBDAQkJCQwLDBgNDRgyIRwhMjIyMjIy
MjIyMjIyMjIyMjIyMjIyMjIyMjIyMjIyMjIyMjIyMjIyMjIyMjIyMjIyMjL/wAARCABAAEADASIA
AhEBAxEB/8QAHwAAAQUBAQEBAQEAAAAAAAAAAAECAwQFBgcICQoL/8QAtRAAAgEDAwIEAwUFBAQA
AAF9AQIDAAQRBRIhMUEGE1FhByJxFDKBkaEII0KxwRVS0fAkM2JyggkKFhcYGRolJicoKSo0NTY3
ODk6Q0RFRkdISUpTVFVWV1hZWmNkZWZnaGlqc3R1dnd4eXqDhIWGh4iJipKTlJWWl5iZmqKjpKWm
p6ipqrKztLW2t7i5usLDxMXGx8jJytLT1NXW19jZ2uHi4+Tl5ufo6erx8vP09fb3+Pn6/8QAHwEA
AwEBAQEBAQEBAQAAAAAAAAECAwQFBgcICQoL/8QAtREAAgECBAQDBAcFBAQAAQJ3AAECAxEEBSEx
BhJBUQdhcRMiMoEIFEKRobHBCSMzUvAVYnLRChYkNOEl8RcYGRomJygpKjU2Nzg5OkNERUZHSElK
U1RVVldYWVpjZGVmZ2hpanN0dXZ3eHl6goOEhYaHiImKkpOUlZaXmJmaoqOkpaanqKmqsrO0tba3
uLm6wsPExcbHyMnK0tPU1dbX2Nna4uPk5ebn6Onq8vP09fb3+Pn6/9oADAMBAAIRAxEAPwD3+iii
gAoqC6u0s0V5FcqTjKjOOM0xNQt3iaUuY0UEs0g2gAdzntUuUU7Njs9y1RVTTtTsdXslvNOuorq2
YlVlicMpIODyPcVayM4zz6VQhaKKKACqupXMllplzdRRGV4YmcID1wM1R1K/v4LiUWyRPFFGHc4J
K+x/n9KSDXIrbRRqOrzwW8LPtWQkgYJwM+hzmktXawNWVzhL3xDqepTKsm6NNwcOmDtx6E8fkKxB
pv8AatncJdzJGsyvE04zK2SccZPJIzk9qp6hrWjm+uYI9SgWGORhEUcmN0LfKVPTgcHPQg/WtSaE
29vDaKduwAjHHVgzY/I/hW1Sp7OKVJ2b/D+vMyhT9o7zWn9f1oXfCrxeBdIuLPTrxp4JZlmP2pF4
cqAcFfZQfqKi8JaNqWt/FeXxHqGqvdRWNtiMKNm1mBQRkDjaAXbjGW5PSoYNHvb/AE+5ubOW0Z3B
WNTLt5GSM+nUde2M1l6D4ql8H+Itat7y0khnvzAodlDGJgPTOGUbzyDz2rl9rKm3KctzqjSlVap0
oXfl5HvNFcrZeKzNGkbm1WVQfMe4l8pW5428Ht61q2etx3N2lsyIHkUsjRSiRGx1GR34ojWg3ZMh
wkhPEV3Bpnh+/uHAGYyAP7zngfrivINdlk8ReHoXd3tmtL0OoVm2ywSI2VIGM4dPw3e9eiePUlkT
TFzm3Ezs6f3nC5X/ANmrhblZJQqTuVLvltw2kj738wDWtWXs6E6kfiSbXyRCXNUSexwGoWENiWik
uoxcxs8bxLD5gGOn3stn8a2fDfhfUfEHha6v7s3Dq9sx0vdeFUaflSxUfwgjHPvis/V706TqkkVq
ykTKJJGKbsucg9T7fpWjoXiS60TwtpGnJDA8riQwo4ZmZDK4DfKcAZBHPNc2BbxMrrd69j1M0p+z
wtGUvhV1+C6F/wABarqEviK/sb1JLGLT7YxnTxwiMZFG7P8AExwSXOSfYcV0t7YWN6IL27jSS+hX
C3BzuH9MA9MjioLTTJ7Z5bjfbi4vJHmuzzu3YyoHoo5AHXv3rCXxMZNSTS0VA5uvJ+Zui7uT09Pe
uz2HtItNXVjyKdT2NrNpvT7+hq2sVzJAk53Qk9AzMD/Lj8cfhXR+DTcXXiRVeQsttE7MTz1+UDI+
pP4VjJMokkmdF+XJ3D9OmK634dWpXTry+bO6eYIM91Qf/FM35V41XCQp4umqba3bV9LLY7VNum2z
otd0dNc042rTyW7hw8c0WNyMO4zx0JH41z1v8NtKginZ7q+nvZYyguppAzRg9dq42jI4zgn3rs6K
9dyfK4dGcnKuZS6o4K7+FOmX6tHcavqxiIUeUjxKvHT/AJZ571J/wgq6Xp0VtppjaG2tyo3LiSRg
WbnGBk5HPrziu5orONOMfhRvKtUlDkb03+Z5RcanbpMwlWSOcA5hmTDhuwweTzUmh/DBo/ECXuqR
F4RukkQ3JZWZlI4AAPBOevGK9RKKxBKgkdMjpTq0TaTXR6GTs2n2OPuvh5p75+xXl3aK3BjD+YmP
TDc/rXTabp1vpWnw2VqGEMQwNxySSckk+pJJq1RWEKFOnLmirMuU5SVmz//Z
"
"__export__.product_public_category_709","CLEANING EQUIPMENT","__export__.product_public_category_400","0",""
"__export__.product_public_category_710","CLEANING WASTE","__export__.product_public_category_400","0",""
"__export__.product_public_category_617","CLOCK","__export__.product_public_category_410","0",""
"__export__.product_public_category_584","COILS","__export__.product_public_category_419","0",""
"__export__.product_public_category_706","COIL SPRINGS","__export__.product_public_category_401","0",""
"__export__.product_public_category_401","COMPRESSION AND DIE SPRINGS","","0","/9j/4AAQSkZJRgABAQAAAQABAAD/2wBDAAgGBgcGBQgHBwcJCQgKDBQNDAsLDBkSEw8UHRofHh0a
HBwgJC4nICIsIxwcKDcpLDAxNDQ0Hyc5PTgyPC4zNDL/2wBDAQkJCQwLDBgNDRgyIRwhMjIyMjIy
MjIyMjIyMjIyMjIyMjIyMjIyMjIyMjIyMjIyMjIyMjIyMjIyMjIyMjIyMjL/wAARCABAAEADASIA
AhEBAxEB/8QAHwAAAQUBAQEBAQEAAAAAAAAAAAECAwQFBgcICQoL/8QAtRAAAgEDAwIEAwUFBAQA
AAF9AQIDAAQRBRIhMUEGE1FhByJxFDKBkaEII0KxwRVS0fAkM2JyggkKFhcYGRolJicoKSo0NTY3
ODk6Q0RFRkdISUpTVFVWV1hZWmNkZWZnaGlqc3R1dnd4eXqDhIWGh4iJipKTlJWWl5iZmqKjpKWm
p6ipqrKztLW2t7i5usLDxMXGx8jJytLT1NXW19jZ2uHi4+Tl5ufo6erx8vP09fb3+Pn6/8QAHwEA
AwEBAQEBAQEBAQAAAAAAAAECAwQFBgcICQoL/8QAtREAAgECBAQDBAcFBAQAAQJ3AAECAxEEBSEx
BhJBUQdhcRMiMoEIFEKRobHBCSMzUvAVYnLRChYkNOEl8RcYGRomJygpKjU2Nzg5OkNERUZHSElK
U1RVVldYWVpjZGVmZ2hpanN0dXZ3eHl6goOEhYaHiImKkpOUlZaXmJmaoqOkpaanqKmqsrO0tba3
uLm6wsPExcbHyMnK0tPU1dbX2Nna4uPk5ebn6Onq8vP09fb3+Pn6/9oADAMBAAIRAxEAPwD3+iii
gAoorF8W3lxYeFb+6tZTFLHGD5gHKrkbiPfGaUnZXNKVN1Kkaa3bS+82qK+aWOprqLXcmqRuryZR
vN6Lnrk8k49DnPevefBuoSap4SsLuWfz3dWUy5zu2uV5Pc8cmsaVbndrHpY/K3hKaqc17u21v8zd
ooorc8kKKKKAPHfi54g8RWesQ6fpN/JaxfZ0mPkuqMwLODkll5+UcZxjPes/wv4mvNX8KeKtI1HU
v7Qkt9Ma4DE+bsPzDG7OT0XjkA0vx3tH/tTSrtY2bNu65CZxtYH0OOGPp9a858J39xpsOq3aWrzQ
30DWDpCCdgOG3cZ9f1rrruEcJd9TbAUqlTFJQ3Wv3A9wnkBGMZ4OOS7c9gOwr3L4fawln8OtPmnk
IjhWYuepAEjdhwMDsOgrxeLSrqWSSN4ZmgjT5SZdiNJjiMnHyk+5rtfDnidtF0iz0e6ihgxL+7SK
TLxbgc55xjJPX3r52ftaWHnVp7paH0WdY/D1cTHB7yvfTbrp/SPa9O1ODUYg8O7GM/MOoq7XF+Gp
7m4vpvLkZl2qMt0C5PTt+Wa7QdK3yyvUr4aNSru7/mfP4qiqVRxRS1HV9P0mLzb+7igU9Ax+ZvoO
p/CuD1/4pxWiMlhbhD2luup+kY5/76IrM1nwV4kufEdzDp6RpBK5kN67YyrEnGeSCOAQBjiqOqeG
vCvgO2W412R9a1aUFobINsVj/eb0XP8AE3p0PSvRjGUnaJ5rdaf91HI634s1jXI2uJXuLiFXwHk4
jDH+EKMKCfQZOKbpFvqXiVRb6VpENsljA0M81riGIFjkbzx83rjPbit7w/4Y1v4k36ajqUhstFjy
sbQJ5abc8x26fwr6v1PvXp+pWmn+HNDg0vTLaO3tYgXEaD8Mn1J55Nc2bVYYXCTe8unr09fM78qU
6GIU6b1fc8ug8INo/gW9utQv7CO+ubxWhgNyvRSAy56Fj1x2GMmuYsjb6deT6hqdus1raugESz+W
S5ZsMGAOF+Vhu6biozzXp/xA0IW3gHTHZP38VzumPp5qsG/Xb+VcdJoF1pXhjSvGGiY8kwhL6Aru
RD91iV/iibGGU9Dz06FF6KFVdFf9TXH0LOOPg2220/K21jttJ1RtUnkuvDMvyooL2e/bcx/76McO
CTwwJHoa6fSvE13NexWN3a5mdwn3SjrwTllPsDXmsHg+LXdMi8SeApzZXsLHztKabb5MvUiKT+DP
UA5Rgf4a9E8AazrutWFwfEGmPbXNo4iSeWHyml4+b5exHGSvynPHQ1m8tVOXtMNUcVfWPT7hfWlU
japG77nYV5hF8JBeeLbrVNe1H7faNKZEiIO+bklRKemFGFwODgdOlen0V3xnKN7dTlaTGoiRRrHG
ioigKqqMAAdABXJ3SnVfEkMBGYw+5gf7i/48fnXXVRstJs9PkZ7dGDEEZZy2ATkjn3rzMZhZ4irS
/ki7v1Wx0UaqpqT620Mjx/aG88C6sij5o4fPH/bMh/8A2WsT4TzxXvgu4sZFWRILqWJkYZBRvmwR
3GGNd1d20d5Zz2sozHNG0bj1BGD/ADrmvBHg6Twhb3ccupm+a4dWJEAiAwMDgE84xXW4v2ikux0Q
rQeClRk9eZNfkzgdV029+FXildY0whtDuPlaORjtC9fJY88jkoevbnnPslrOt1aQ3CpIiyoHCyKV
ZcjOCD0PtUjKrjDAEZB5HccilrU8yEOS9tj/2Q==
"
"__export__.product_public_category_610","CONNECTORS","__export__.product_public_category_412","0",""
"__export__.product_public_category_608","Cordless Screwdriver","__export__.product_public_category_413","0",""
"__export__.product_public_category_646","CRIMPING TOOL","__export__.product_public_category_406","0",""
"__export__.product_public_category_679","CSK SCREWS","__export__.product_public_category_405","0",""
"__export__.product_public_category_618","CUP","__export__.product_public_category_410","0",""
"__export__.product_public_category_647","CUTTER","__export__.product_public_category_406","0",""
"__export__.product_public_category_403","CUTTING TOOLS","","0","/9j/4AAQSkZJRgABAQAAAQABAAD/2wBDAAgGBgcGBQgHBwcJCQgKDBQNDAsLDBkSEw8UHRofHh0a
HBwgJC4nICIsIxwcKDcpLDAxNDQ0Hyc5PTgyPC4zNDL/2wBDAQkJCQwLDBgNDRgyIRwhMjIyMjIy
MjIyMjIyMjIyMjIyMjIyMjIyMjIyMjIyMjIyMjIyMjIyMjIyMjIyMjIyMjL/wAARCABAAEADASIA
AhEBAxEB/8QAHwAAAQUBAQEBAQEAAAAAAAAAAAECAwQFBgcICQoL/8QAtRAAAgEDAwIEAwUFBAQA
AAF9AQIDAAQRBRIhMUEGE1FhByJxFDKBkaEII0KxwRVS0fAkM2JyggkKFhcYGRolJicoKSo0NTY3
ODk6Q0RFRkdISUpTVFVWV1hZWmNkZWZnaGlqc3R1dnd4eXqDhIWGh4iJipKTlJWWl5iZmqKjpKWm
p6ipqrKztLW2t7i5usLDxMXGx8jJytLT1NXW19jZ2uHi4+Tl5ufo6erx8vP09fb3+Pn6/8QAHwEA
AwEBAQEBAQEBAQAAAAAAAAECAwQFBgcICQoL/8QAtREAAgECBAQDBAcFBAQAAQJ3AAECAxEEBSEx
BhJBUQdhcRMiMoEIFEKRobHBCSMzUvAVYnLRChYkNOEl8RcYGRomJygpKjU2Nzg5OkNERUZHSElK
U1RVVldYWVpjZGVmZ2hpanN0dXZ3eHl6goOEhYaHiImKkpOUlZaXmJmaoqOkpaanqKmqsrO0tba3
uLm6wsPExcbHyMnK0tPU1dbX2Nna4uPk5ebn6Onq8vP09fb3+Pn6/9oADAMBAAIRAxEAPwD3+ikz
RmgBaKTNGaAFopM0ZoAWikzQDQBV1HULTSdPnv76YQ2sCb5JCCdo+g5Nc54d+JHhfxRefYtP1Hbe
Ettt7iJoXbHXbuGGI54ByMciumu7WC+s5rS6iSa3njaOWNxkOpGCD+FcBdfBrw7I9xLZ3Oo2ksgB
X/SPORGHQlZA27GMcnOO4oA9FNGa8Mu/h3478LO8vhnUZp4mcOILC58hQc/NmGUlAD1GCcHIwRwN
m4+I/inwpDBD4k0ISuq4klY+QXH94Mu+JiM/MAwI64AzgFc9aozXEaP8VfDeqLKLiS40x4s7hfIF
XI64dSVPrjOSORxzXZW11b3trHc2k8VxbyruSWJw6OPUEcEUDJc0opKUUAJg0YNOooAb9aayLIjI
yhlYYKkZBH0p+KMYoA5g/D7wujB7TSILGYTLOstkPJZXXp93gj/ZPy+1TyaPeQsZIXt535O8ZtpD
9WT5T+K1vnrSUmrgYtjcamt5HBPHc7D97z41YAY7SIcf99KCa3BTactCAWiiimAUUUUAFFFFABRR
RQB//9k=
"
"__export__.product_public_category_728","CUTTING WHEEL","__export__.product_public_category_397","0",""
"__export__.product_public_category_715","CYLINDRICAL BEARINGS","__export__.product_public_category_399","0",""
"__export__.product_public_category_648","DEBURRING HANDLE","__export__.product_public_category_406","0",""
"__export__.product_public_category_718","Dispenser","__export__.product_public_category_398","0",""
"__export__.product_public_category_680","DOWEL PIN","__export__.product_public_category_405","0",""
"__export__.product_public_category_681","DOWEL PINS","__export__.product_public_category_405","0",""
"__export__.product_public_category_698","DRILL BIT","__export__.product_public_category_403","0",""
"__export__.product_public_category_619","DUSTBIN","__export__.product_public_category_410","0",""
"__export__.product_public_category_597","EAR PROTECTION","__export__.product_public_category_415","0",""
"__export__.product_public_category_404","ELECTRICAL","","0","/9j/4AAQSkZJRgABAQAAAQABAAD/2wBDAAgGBgcGBQgHBwcJCQgKDBQNDAsLDBkSEw8UHRofHh0a
HBwgJC4nICIsIxwcKDcpLDAxNDQ0Hyc5PTgyPC4zNDL/2wBDAQkJCQwLDBgNDRgyIRwhMjIyMjIy
MjIyMjIyMjIyMjIyMjIyMjIyMjIyMjIyMjIyMjIyMjIyMjIyMjIyMjIyMjL/wAARCABAAEADASIA
AhEBAxEB/8QAHwAAAQUBAQEBAQEAAAAAAAAAAAECAwQFBgcICQoL/8QAtRAAAgEDAwIEAwUFBAQA
AAF9AQIDAAQRBRIhMUEGE1FhByJxFDKBkaEII0KxwRVS0fAkM2JyggkKFhcYGRolJicoKSo0NTY3
ODk6Q0RFRkdISUpTVFVWV1hZWmNkZWZnaGlqc3R1dnd4eXqDhIWGh4iJipKTlJWWl5iZmqKjpKWm
p6ipqrKztLW2t7i5usLDxMXGx8jJytLT1NXW19jZ2uHi4+Tl5ufo6erx8vP09fb3+Pn6/8QAHwEA
AwEBAQEBAQEBAQAAAAAAAAECAwQFBgcICQoL/8QAtREAAgECBAQDBAcFBAQAAQJ3AAECAxEEBSEx
BhJBUQdhcRMiMoEIFEKRobHBCSMzUvAVYnLRChYkNOEl8RcYGRomJygpKjU2Nzg5OkNERUZHSElK
U1RVVldYWVpjZGVmZ2hpanN0dXZ3eHl6goOEhYaHiImKkpOUlZaXmJmaoqOkpaanqKmqsrO0tba3
uLm6wsPExcbHyMnK0tPU1dbX2Nna4uPk5ebn6Onq8vP09fb3+Pn6/9oADAMBAAIRAxEAPwD340lK
aSgBCQBknApMseigD/aNC/M5Y9FOB/WnUANLMBkrkf7PNKCGUMpyD3paiP7udSPuycEf7XXNAEtK
KSlFAAaSlNJQBDBJuj5Vgcnt708yIDzn/vk1CGMFyyn7snzL9e4/z6092xk0ABu4FGS+P+An/Cqs
2qWhkhiSQtI0qAAKfWsrVblgCM4FU/Dls97qxuWyYbbnJ7uRwPwGT+VMDsaUUlKKQAaSlNJQBFcI
Gjz3UhhVC/1FbKcRNZX02U3b7e2MijkjGR34/lWmyhlKnoa5fW/FUmiaU97NaLMscyQlY5NrEsu4
HkY70AU9UuxcFwlteRBRndPAYw3OOM9a6PQLZbXRLVQBukQSufVm5/8ArfhXOrr/APbmn6PKbYRL
qruiEuGaPbnJPGD0OK7GKJYYUiQYRFCr9BxTAfSikpRSADSUppKACvNfHpjufDmpSRyzCFngZRll
5MjqTgjI+4K9KrA8QeFLTxEwFzc3sMTKBIttcvFvwcjODg4+lAHKeCpI4R4fSWSR4TYGRVbMm2Rp
SgI446/Tua9KrC8P+F7Xw8zGCe7n+QRxm6uGlZEznaueAPYCt2gApRSUooA//9k=
"
"__export__.product_public_category_585","ELECTRODES","__export__.product_public_category_419","0",""
"__export__.product_public_category_729","EMERY SHEETS","__export__.product_public_category_397","0",""
"__export__.product_public_category_699","END MILL","__export__.product_public_category_403","0",""
"__export__.product_public_category_649","EXTENSION BAR","__export__.product_public_category_406","0",""
"__export__.product_public_category_613","EXTERIOR PAINTS","__export__.product_public_category_411","0",""
"__export__.product_public_category_598","EYE PROTECTION","__export__.product_public_category_415","0",""
"__export__.product_public_category_599","FACE PROTECTION","__export__.product_public_category_415","0",""
"__export__.product_public_category_405","FASTENERS","","0","/9j/4AAQSkZJRgABAQAAAQABAAD/2wBDAAgGBgcGBQgHBwcJCQgKDBQNDAsLDBkSEw8UHRofHh0a
HBwgJC4nICIsIxwcKDcpLDAxNDQ0Hyc5PTgyPC4zNDL/2wBDAQkJCQwLDBgNDRgyIRwhMjIyMjIy
MjIyMjIyMjIyMjIyMjIyMjIyMjIyMjIyMjIyMjIyMjIyMjIyMjIyMjIyMjL/wAARCABAAEADASIA
AhEBAxEB/8QAHwAAAQUBAQEBAQEAAAAAAAAAAAECAwQFBgcICQoL/8QAtRAAAgEDAwIEAwUFBAQA
AAF9AQIDAAQRBRIhMUEGE1FhByJxFDKBkaEII0KxwRVS0fAkM2JyggkKFhcYGRolJicoKSo0NTY3
ODk6Q0RFRkdISUpTVFVWV1hZWmNkZWZnaGlqc3R1dnd4eXqDhIWGh4iJipKTlJWWl5iZmqKjpKWm
p6ipqrKztLW2t7i5usLDxMXGx8jJytLT1NXW19jZ2uHi4+Tl5ufo6erx8vP09fb3+Pn6/8QAHwEA
AwEBAQEBAQEBAQAAAAAAAAECAwQFBgcICQoL/8QAtREAAgECBAQDBAcFBAQAAQJ3AAECAxEEBSEx
BhJBUQdhcRMiMoEIFEKRobHBCSMzUvAVYnLRChYkNOEl8RcYGRomJygpKjU2Nzg5OkNERUZHSElK
U1RVVldYWVpjZGVmZ2hpanN0dXZ3eHl6goOEhYaHiImKkpOUlZaXmJmaoqOkpaanqKmqsrO0tba3
uLm6wsPExcbHyMnK0tPU1dbX2Nna4uPk5ebn6Onq8vP09fb3+Pn6/9oADAMBAAIRAxEAPwD3+iii
gAooooAKKK5fxX8QNB8HPDDqM0sl3MNyWttH5km3puIyABnjJIz2zg0AdRRWP4a8T6X4s0oahpU5
kjDFJEddrxOOqsvY8j+lbFABRRRQAUUV518SviXH4UgbTNK2XGuSpnBGUtVPR39/Re/U8dQCz8Qv
iRbeEIfsFkFutbmXMcPVYQejv7eg6n2HNfNmp6pc319PcXFzJc3tw+6adzlmPT6Y7YHAxxUF3qE8
1xNLLNNPeTsXmmkbLMx659//ANX07H4dfDq58V6gssytFp8ZBmm7n/ZX3NAHefALRb62g1bV5WZL
S58uGNP+ejoWLN+G7bn6+le01XsbG202xhsrOFYbeFQkaKOAKsUAFcJ8T/Gt14R0m1j05E+33rsI
5JF3LEiAFmx3PKgD3z2we7rzz4weHZtY8KpqFohe60x2m2gZLREYfA7kcN/wE+tAHnek/GDxRaXA
a+uYdQgckFXhSNh7qVAB9ec155qh8yWeVPNmmmkaR7l5GZpMnktnnPr9e1Zeo/borxbu3LvGUXAQ
7lHHT6e/vXS6Jsn1eyt7yMeTczrBKhP8L4Xt6Z/SgDQ+H/gC68UagjuhSzHLOe4HX8O36CvpzStL
tNG06KxsoljhjGAAOp9TTNG0i20XTo7S2RQFA3MFxk/0HtWhQAUUUUAFFFFAHkPjL4Kpf3cuo+Gb
mKzlkYu9jMCISx6lGHKZ9MEfSsjwb8I9aXxBbXevpDa2dnKs3lJJ5jTMDlQCOAuQCe/bHOR7rRQA
UUUUAFFFFAH/2Q==
"
"__export__.product_public_category_730","FIBER DISC","__export__.product_public_category_397","0",""
"__export__.product_public_category_731","FIBRE DISCS","__export__.product_public_category_397","0",""
"__export__.product_public_category_650","FILES","__export__.product_public_category_406","0",""
"__export__.product_public_category_732","FLAP DISC","__export__.product_public_category_397","0",""
"__export__.product_public_category_733","FLAP DISCS","__export__.product_public_category_397","0",""
"__export__.product_public_category_586","GAS REGULATORS","__export__.product_public_category_419","0",""
"__export__.product_public_category_707","GAS SPRINGS","__export__.product_public_category_401","0",""
"__export__.product_public_category_587","GI WIRE","__export__.product_public_category_419","0",""
"__export__.product_public_category_582","GI WIRE MESH","__export__.product_public_category_420","0",""
"__export__.product_public_category_719","GLUE","__export__.product_public_category_398","0",""
"__export__.product_public_category_720","GLUES","__export__.product_public_category_398","0",""
"__export__.product_public_category_721","GLUES & SEALANTS","__export__.product_public_category_398","0",""
"__export__.product_public_category_734","GRINDING WHEELS","__export__.product_public_category_397","0",""
"__export__.product_public_category_682","GRUB SCREW","__export__.product_public_category_405","0",""
"__export__.product_public_category_683","GRUB SCREWS","__export__.product_public_category_405","0",""
"__export__.product_public_category_593","GUAGES","__export__.product_public_category_418","0",""
"__export__.product_public_category_609","GUN","__export__.product_public_category_413","0",""
"__export__.product_public_category_611","GUNS","__export__.product_public_category_412","0",""
"__export__.product_public_category_595","HACKSAW BLADES","__export__.product_public_category_417","0",""
"__export__.product_public_category_651","HACKSAW FRAME","__export__.product_public_category_406","0",""
"__export__.product_public_category_652","HAMMERS","__export__.product_public_category_406","0",""
"__export__.product_public_category_600","HAND PROTECTION","__export__.product_public_category_415","0",""
"__export__.product_public_category_620","HAND SCRUBER","__export__.product_public_category_410","0",""
"__export__.product_public_category_700","HAND TAPS","__export__.product_public_category_403","0",""
"__export__.product_public_category_406","HAND TOOLS","","0","/9j/4AAQSkZJRgABAQAAAQABAAD/2wBDAAgGBgcGBQgHBwcJCQgKDBQNDAsLDBkSEw8UHRofHh0a
HBwgJC4nICIsIxwcKDcpLDAxNDQ0Hyc5PTgyPC4zNDL/2wBDAQkJCQwLDBgNDRgyIRwhMjIyMjIy
MjIyMjIyMjIyMjIyMjIyMjIyMjIyMjIyMjIyMjIyMjIyMjIyMjIyMjIyMjL/wAARCABAAEADASIA
AhEBAxEB/8QAHwAAAQUBAQEBAQEAAAAAAAAAAAECAwQFBgcICQoL/8QAtRAAAgEDAwIEAwUFBAQA
AAF9AQIDAAQRBRIhMUEGE1FhByJxFDKBkaEII0KxwRVS0fAkM2JyggkKFhcYGRolJicoKSo0NTY3
ODk6Q0RFRkdISUpTVFVWV1hZWmNkZWZnaGlqc3R1dnd4eXqDhIWGh4iJipKTlJWWl5iZmqKjpKWm
p6ipqrKztLW2t7i5usLDxMXGx8jJytLT1NXW19jZ2uHi4+Tl5ufo6erx8vP09fb3+Pn6/8QAHwEA
AwEBAQEBAQEBAQAAAAAAAAECAwQFBgcICQoL/8QAtREAAgECBAQDBAcFBAQAAQJ3AAECAxEEBSEx
BhJBUQdhcRMiMoEIFEKRobHBCSMzUvAVYnLRChYkNOEl8RcYGRomJygpKjU2Nzg5OkNERUZHSElK
U1RVVldYWVpjZGVmZ2hpanN0dXZ3eHl6goOEhYaHiImKkpOUlZaXmJmaoqOkpaanqKmqsrO0tba3
uLm6wsPExcbHyMnK0tPU1dbX2Nna4uPk5ebn6Onq8vP09fb3+Pn6/9oADAMBAAIRAxEAPwD3+iii
gAooooAKKZNNFbwyTTSJHFGpd3dgFVQMkknoAKwNF8YWWu6o1naWt6ImgaeC7kjCxXCKwUlOd2Ms
MbgNw5GRzUuUU0m99h2Z0VFFFUIKKKKACud8SeNNK8N7YZTJdahJgRWNqu+VyenH8I9zWB8QPHKa
aqaBo6TXuuXbCNIrcsNnPOWUg568KQR1JA5qXwr4Dis4heala+TeTrmeP7U9w+TyVMrfNtz2B57k
1z1qtWL5acLt9dLfPr+BcYxerZQt7TW/G8iTazEscAbK6aCGtbcg5BlYf6+QYBxwoPbPNd9p2mw6
bCyx5eRzmSV/vOff29B2q3HGkMaxxIqIowqqMAD2FOrOjhFGftqj5p9+3kl0X4vqxyqXXLHRf1uF
FGcVQ/tzSf7Qj0/+1LL7bLny7b7QnmPjrhc5PQ113V7GZT1rxTpuhyLDO0ktywyIIVywHqckAD6m
sf8A4StdXgt0gEsH2tcxKOrYJBXcP4uDxXNeOI7TRfEUtxdzW7G9QywtqVw9tbhgAuzzEUliMZ25
Xgjk81ieHv7Z1K01W18OXFrfX17Iztc2cTW+m6dlNrbHYEvIQRwoPPzE9cgGv4c1Dw5oesf8JH4l
8S6ZNql3bAWcVszPFaQHBKr1+YtnJOCcH3rsJ/iX4Nt4fNbX7V1xk+TulI/BQTXG6L8EbdZmm1q9
2R8BbPT2IXgAZaUgM2cdgvXqa7S1+Gvg60IK6BazEf8AP1un/wDRhNMDkvE3xoTSNQurKy0dXMLm
Pz7y6EKEjuFAZiPyNc5B4v8AiZ4tk3aPFcLA4IBs7NIYR7+dNnJ+h/CvWtM8FeHtLvLi9h02GS9n
maZ7m4Hmy7mOeGbJUewwK6Coim4JT36je+h4knwm8Y66Q+v+JIo1IztaSW8Ye2GKoPwFdJ4b+DWk
aDqlpqU2pXt7cWsgljQiOKLeAQGKquTjORzXpNFUopbCEZVdSrAEHqCKUAAYHSiimAUUUUAFFFFA
BRRRQB//2Q==
"
"__export__.product_public_category_601","HEAD PROTECTION","__export__.product_public_category_415","0",""
"__export__.product_public_category_684","HEX BOLT","__export__.product_public_category_405","0",""
"__export__.product_public_category_685","HEX NUTS","__export__.product_public_category_405","0",""
"__export__.product_public_category_588","HOLDER","__export__.product_public_category_419","0",""
"__export__.product_public_category_653","HOLDING DEVICE","__export__.product_public_category_406","0",""
"__export__.product_public_category_654","HOLDING TOOL","__export__.product_public_category_406","0",""
"__export__.product_public_category_621","HOUSEKEEPING","__export__.product_public_category_410","0",""
"__export__.product_public_category_639","HYDRAULIC JACKS","__export__.product_public_category_407","0",""
"__export__.product_public_category_407","HYDRAULICS","","0",""
"__export__.product_public_category_701","INSERTS","__export__.product_public_category_403","0",""
"__export__.product_public_category_614","INTERIOR PAINTS","__export__.product_public_category_411","0",""
"__export__.product_public_category_622","Labels","__export__.product_public_category_410","0",""
"__export__.product_public_category_636","LEAD SEAL","__export__.product_public_category_408","0",""
"__export__.product_public_category_692","LED LIGHTS","__export__.product_public_category_404","0",""
"__export__.product_public_category_693","LIGHTS & LUMINARIES","__export__.product_public_category_404","0",""
"__export__.product_public_category_694","LUMINARIES","__export__.product_public_category_404","0",""
"__export__.product_public_category_702","MACHINE TAPS","__export__.product_public_category_403","0",""
"__export__.product_public_category_655","MAGNIFIER","__export__.product_public_category_406","0",""
"__export__.product_public_category_656","MALLET","__export__.product_public_category_406","0",""
"__export__.product_public_category_623","MARKER","__export__.product_public_category_410","0",""
"__export__.product_public_category_722","MASKING TAPES","__export__.product_public_category_398","0",""
"__export__.product_public_category_408","MATERIAL HANDLING & PACKING","","0","/9j/4AAQSkZJRgABAQAAAQABAAD/2wBDAAgGBgcGBQgHBwcJCQgKDBQNDAsLDBkSEw8UHRofHh0a
HBwgJC4nICIsIxwcKDcpLDAxNDQ0Hyc5PTgyPC4zNDL/2wBDAQkJCQwLDBgNDRgyIRwhMjIyMjIy
MjIyMjIyMjIyMjIyMjIyMjIyMjIyMjIyMjIyMjIyMjIyMjIyMjIyMjIyMjL/wAARCABAAEADASIA
AhEBAxEB/8QAHwAAAQUBAQEBAQEAAAAAAAAAAAECAwQFBgcICQoL/8QAtRAAAgEDAwIEAwUFBAQA
AAF9AQIDAAQRBRIhMUEGE1FhByJxFDKBkaEII0KxwRVS0fAkM2JyggkKFhcYGRolJicoKSo0NTY3
ODk6Q0RFRkdISUpTVFVWV1hZWmNkZWZnaGlqc3R1dnd4eXqDhIWGh4iJipKTlJWWl5iZmqKjpKWm
p6ipqrKztLW2t7i5usLDxMXGx8jJytLT1NXW19jZ2uHi4+Tl5ufo6erx8vP09fb3+Pn6/8QAHwEA
AwEBAQEBAQEBAQAAAAAAAAECAwQFBgcICQoL/8QAtREAAgECBAQDBAcFBAQAAQJ3AAECAxEEBSEx
BhJBUQdhcRMiMoEIFEKRobHBCSMzUvAVYnLRChYkNOEl8RcYGRomJygpKjU2Nzg5OkNERUZHSElK
U1RVVldYWVpjZGVmZ2hpanN0dXZ3eHl6goOEhYaHiImKkpOUlZaXmJmaoqOkpaanqKmqsrO0tba3
uLm6wsPExcbHyMnK0tPU1dbX2Nna4uPk5ebn6Onq8vP09fb3+Pn6/9oADAMBAAIRAxEAPwD3+iiq
Op6lHp8GSy+aw+VT/M+1AF0kAZJwKYJoyhYOpUdSGHFfO/j7xEltqskTatearqW45hkISC1HZSq4
GcY4HPdj2rze71LUNQkPm3c8zD+BSdqfRV4AquUnmPtHLZ6EUuW9D+lfNXwrvPGr6hbR6Jfj+zYl
El59rZpLdA5yExknftAwFweeeM17H4i8c2uiALLIzTuMxW0ABdh6knoPf+dHKw5kdkMkdf0oOQRz
1rxa/wDit4ggjNxDa2McaAkJLucke5BHP4V6D4L8a23i6zYGE2uo24U3FsW3YBHDKe6nkeoIwR0y
mmhqSZvatqUOkaVc38+THAm7aOrHoFHuSQPxrwbxJ431WysZfOuFbUb12aCRR/qFz8xA7gdF9+e1
eh/Em+ea603R42wGJuZfw+VPwyWP/ARXgTLc+M/HENhYnDXcy21sSM+VEpPz/gAzmmtCZHW/DX4a
HxbM2pan5iaRFIQxDEPdSd1DdQo/ibqTwOcke/2em6V4b0zydPs4LK1jAykKBc/X1J9TzVjS9Ntd
H0u206xiEVrbRiONR2AHf1J6k9ya5vxVq4W8WyRsLEoeQ/7R6D8Bz+IoWrHsjD8V+Kk0SxeSKOM3
tzIfJhVQAXPVmx1AGMnqeBXFeC9Ht/FnjG6tNVvp5LmOD7VcFMBpDuC7d38OMjgDoQOKp28p8UeM
47ibd9iiZTtz0hVuB9WP9fSrXwKhY+Mr+fkqLGZc567p1I/kapu2xG7PQPFfgTwpBoRnk0tI4o5U
EkiSurqrMFzuz1BIPORxXC+FBL4a+J1ja+cZUeVrUyDjzopELIT/AMCC/iDXq3j2PzvBGpW/AMyp
Euf7zOoH6mvKNIsZo/iL4fszIJZElRyR/dVXY/oDUpltGt8Tb2S317VrjODb6aFjPp8jn+bVxfwH
so7n4ivcyAZtLCWVD6MWRB+hau9+LWkq11Jc+RJtubN0cwvtaXarfIcgr6YbGRnuOK4b4Q+IrWy+
ItrDHY21jaX1s9ooRmdi5KurPIxyzErt7D5hgCjoD3PpYEEcHP0rw7xTqrTvqlyjnM8zIh9i20f+
OivaLyRorC7kQ4ZI2YfULXzreWpitbeBZXjt02x+SBzuXcdxY/NnsfpREJFqxK6L4M1HWGwrOWSL
Pcr8iAfVyT+Fdf8AArRTbaNqGrOpC3Lpbw5H8EYOSPqzEf8AAa8y1Y6jr9z4f8F6bbbWiyy5ORLI
7Mxkb/YRSf8Ax4+lfQLTab8PfB9paxxT3EdrEscUEChppzn5mC55OSWP4/ShiS6kfjF/tP2axQ52
N9okH0yEH4kk/wDAa4z4dWB1bx1qWtY3W1ihghb1dsLkfRQ3/fYqz4i8Yi58PrDYILjUtUcpCEUh
1ydv3Typ/hAPc57V3Hg/w8nhjw3bacNpmA8y4dejyN94/QcAewFLYe7Jte0mHWdNltn2iQEPGx7M
B/Kvl7WvDFx4c8QTWjq6IW3W79Cqg5x7Mp/TBFfXFZmr6BpXiC0Ntq1hDdRZ48xeV91Ycj6g0Jja
ueCQ/GPxHbWn2S6t7fUVUbRI0jQyN2+bbw36VRs/ET+K11Dz7aO21RGN0sMO4o8Y6kEknI5znrkE
V6tJ8EfBz3AlWLUI0znylvpNp9uST+tdfoXhnRfDlm1rpGmW9pE/D7E+aT/fY5Lde5NFxWPBdA8W
SaBrBvbS2jmaeAQySoq+ciAlsIzAgDJyQRzgelaOoeKbe8lNyumyzXknyLPfSmRwT0Cqv6AYHtXp
Gp/CfwxqN+95FHdafLIcyCyl2Ix9dpBA/ACtbQfA+g+HZRPZ2e+6Ax9puHMkn4E/d/DFO6CzOb8A
eCLm0vH8Ra7uN/MAYLeTkwDGCzf7RHGP4R7k49GoopN3GlY//9k=
"
"__export__.product_public_category_695","MCB","__export__.product_public_category_404","0",""
"__export__.product_public_category_602","MEDICAL","__export__.product_public_category_415","0",""
"__export__.product_public_category_603","NOSE PROTECTION","__export__.product_public_category_415","0",""
"__export__.product_public_category_686","NUTS","__export__.product_public_category_405","0",""
"__export__.product_public_category_410","OFFICE SUPPLIES","","0","/9j/4AAQSkZJRgABAQAAAQABAAD/2wBDAAgGBgcGBQgHBwcJCQgKDBQNDAsLDBkSEw8UHRofHh0a
HBwgJC4nICIsIxwcKDcpLDAxNDQ0Hyc5PTgyPC4zNDL/2wBDAQkJCQwLDBgNDRgyIRwhMjIyMjIy
MjIyMjIyMjIyMjIyMjIyMjIyMjIyMjIyMjIyMjIyMjIyMjIyMjIyMjIyMjL/wAARCABAAEADASIA
AhEBAxEB/8QAHwAAAQUBAQEBAQEAAAAAAAAAAAECAwQFBgcICQoL/8QAtRAAAgEDAwIEAwUFBAQA
AAF9AQIDAAQRBRIhMUEGE1FhByJxFDKBkaEII0KxwRVS0fAkM2JyggkKFhcYGRolJicoKSo0NTY3
ODk6Q0RFRkdISUpTVFVWV1hZWmNkZWZnaGlqc3R1dnd4eXqDhIWGh4iJipKTlJWWl5iZmqKjpKWm
p6ipqrKztLW2t7i5usLDxMXGx8jJytLT1NXW19jZ2uHi4+Tl5ufo6erx8vP09fb3+Pn6/8QAHwEA
AwEBAQEBAQEBAQAAAAAAAAECAwQFBgcICQoL/8QAtREAAgECBAQDBAcFBAQAAQJ3AAECAxEEBSEx
BhJBUQdhcRMiMoEIFEKRobHBCSMzUvAVYnLRChYkNOEl8RcYGRomJygpKjU2Nzg5OkNERUZHSElK
U1RVVldYWVpjZGVmZ2hpanN0dXZ3eHl6goOEhYaHiImKkpOUlZaXmJmaoqOkpaanqKmqsrO0tba3
uLm6wsPExcbHyMnK0tPU1dbX2Nna4uPk5ebn6Onq8vP09fb3+Pn6/9oADAMBAAIRAxEAPwD36sp9
QSPxK9k8yj/QTcbCw4AfBbH49a1a831wD/ha+pnH/MnSD/yO1TI0pxUnZnS6brCz/wDCN5uVc39i
0g+cHzCEjbPv1PT1psOtxta6bN9rVln1Wa1z5g+bDTKF9/ujj2rhvDaj+0fhNwONHuv/AETHVDS1
B8KeCOB/yN0p6f8ATSeo17/1oa8sX0/rX+vkekT63HFaanMbpQtrqsNux8wfLlocr7fePHXmnajr
C26eJh9pVDY2iy/fA8smNiD7dO9eaaioPhXxjwOfGif+jIKseJwPtPxgOP8Alxsf/RLUXfcfJG9r
f1dL+vU9STUEbxN9iWZW32IuFQMOm/G7HXuOa1K8901QPjFbHHTwnGP/ACYr0KtImE0k7IK8811R
/wALH1eTaMjwk43d/wDXPXoded66T/wsbWBzj/hEX/8ARr1M9i6HxGZ4cT/iZfDAFV+TSLnv0/dx
jis7SFz4Z8Ejav8AyNErYz/tzHP15rQ8Nlv7S+GGc86NcZ/79x1naMT/AMIz4I5OT4om/LfNUa/1
8jpsv6/7eF1FB/wjPiobV+bxihxnr+8i6/l+lWvFEYz8V22Ll7ayUn1/c9D+dVNRJ/4RrxRyf+Ry
QD/v5FVrxUWx8V+TgW1lj/vzS6f12Y/tf13R0emID8V4n2jI8LxLnv8A688V3lcHphP/AAtiMc4/
4RiL/wBHGu8rWByVfiXoFeda9j/hYutev/CIv3/6avXoteZ+I70xfEXXk2237vwdJKGeJS2fNbgk
8lenHSiSuhU58ruU/DeP7U+GP/YGuMc/9M46zdF/5FnwN6f8JNN3/wBuar3hu+aTWvhghW2/e6LO
xxCgKny0+6QPl+grK0HUnl8K+AHKWn77xHKpCwIAPnl5UY4PuOeanlNfbrt/Wv8AmT6hg+GvE2P+
hzUHn/ppFVrxURj4sf8AXvY55/6ZCs691Jx4Z8TNstAV8ceTj7OmCBJHyRjluPvHnirXivUGib4t
4S1Jgi08LugQlt0Y+9kfN14z0o5A9ur3t/V1/kdXpn/JWUHf/hGIf/RxrvK8/wBKujJ8X1gKwY/4
RiJwyxqH5m6bhzt9ulegVcVYxnLmdwrxPxhq99D8QdaiOr6hb2sIhVI7e5MQ5hDYzzgcMcdMmvbK
+ffiFBrCfEfWpbXQdUvLeURASQ2rvG/7lOQR1wR+YrnxUZyp2huejlU6UKsnVaS5eve6L1iur3Fr
ZXB8R6wsZlCT4uChgh3zBmBIwF2wr3xnIPanPFrq2bbdY1xLqGzllKPOAvnq7qVQDnkRTHjkjHqa
4qKHxAgGfB9/IeMtJpbMT15JPc5qX7Lr7hc+D7sbRj/kGEZ+tYL2lrOP4nruVDnclWja/wDKvuO4
u7HXhPqFvZ67q7PG0RtvOlISUlvnbpltuUOQMgkjnGTj3+p69Z6vcWK6tqhSRkQNPIWJBO3L4HOD
kcjtWD9j19sr/wAIhdcjH/IMNdN4ZnudNstVh1LRNftHuXgaL7Fp0nRd27G0FR16N1zVw5nJXVvm
cmLlSWHklUjJ6WtGz+z1+T+99zuvC+tX1x4lvtGvpkmm06aJYrpFIa4tijgFyepDqc9smvQK8w8O
6smoeNrWVPDGo2lxcMwnvbu0lH7tUkKqGICoM7eO5PrivT67EfPn/9k=
"
"__export__.product_public_category_657","OIL CAN","__export__.product_public_category_406","0",""
"__export__.product_public_category_735","OIL STONE","__export__.product_public_category_397","0",""
"__export__.product_public_category_624","OVEN","__export__.product_public_category_410","0",""
"__export__.product_public_category_411","PAINTS","","0","/9j/4AAQSkZJRgABAQAAAQABAAD/2wBDAAgGBgcGBQgHBwcJCQgKDBQNDAsLDBkSEw8UHRofHh0a
HBwgJC4nICIsIxwcKDcpLDAxNDQ0Hyc5PTgyPC4zNDL/2wBDAQkJCQwLDBgNDRgyIRwhMjIyMjIy
MjIyMjIyMjIyMjIyMjIyMjIyMjIyMjIyMjIyMjIyMjIyMjIyMjIyMjIyMjL/wAARCABAAEADASIA
AhEBAxEB/8QAHwAAAQUBAQEBAQEAAAAAAAAAAAECAwQFBgcICQoL/8QAtRAAAgEDAwIEAwUFBAQA
AAF9AQIDAAQRBRIhMUEGE1FhByJxFDKBkaEII0KxwRVS0fAkM2JyggkKFhcYGRolJicoKSo0NTY3
ODk6Q0RFRkdISUpTVFVWV1hZWmNkZWZnaGlqc3R1dnd4eXqDhIWGh4iJipKTlJWWl5iZmqKjpKWm
p6ipqrKztLW2t7i5usLDxMXGx8jJytLT1NXW19jZ2uHi4+Tl5ufo6erx8vP09fb3+Pn6/8QAHwEA
AwEBAQEBAQEBAQAAAAAAAAECAwQFBgcICQoL/8QAtREAAgECBAQDBAcFBAQAAQJ3AAECAxEEBSEx
BhJBUQdhcRMiMoEIFEKRobHBCSMzUvAVYnLRChYkNOEl8RcYGRomJygpKjU2Nzg5OkNERUZHSElK
U1RVVldYWVpjZGVmZ2hpanN0dXZ3eHl6goOEhYaHiImKkpOUlZaXmJmaoqOkpaanqKmqsrO0tba3
uLm6wsPExcbHyMnK0tPU1dbX2Nna4uPk5ebn6Onq8vP09fb3+Pn6/9oADAMBAAIRAxEAPwD3+snU
PE+h6VMYb3VbWGYdYjIC4+qjkVyvxN8W3Gi29tpOnSmK9vQWeVTho4xx8p7EnPPYA98GuI0vTVht
1Z8bm5Kjgfj6msa1ZUtzCtXVI9o03W9L1cE6ff29yVGWWKQFl+o6ir9eHXVmVK3FmTb3sfMM0bFS
G9PbPTI/EEcVuX3xRnXwDaXVuoGs3MrWpJUAIygFpMfRl46AnuBy6NZVVdDoVlV2Wp6ZdahZWIBu
7uC3B6GaRUz+ZqS3ure7i822njmj6b43DD8xXzN5T3jtd3tw880hyZJDuZvck0tte3uhXqXekXUk
NxkBVj/5aH+6V/iz6c0KtBux7ksmxUaftNPTr+VvxPp2isbR9Vvr7RbO4vtPayvZYw0sDn7h+mSR
nrg8jODzWhC0rybi3yjqMVpfWx5VtLnkXxetZYPF2j6i6/6PNbG3VuwcMx/XeP19KhtLqOW3Rge1
ereJNDsvEOiT6ffQGWNvmXacMrDoynsev8uhr5q8QX114e1e406w1CO7ijxsvFw24dxwSCR0PWuf
EUHVs09TlxFB1NUd/JcKZYYQy75pFjjVnC72J4AJIGayLTQ9Isb+NPEuop9pid5DaxZNvE7cgSyc
buoyq4GP4q8vuLye8m864nkll/56M3K+mPT8K9MTWW17QbbxQkMVxqukgxajbuSFmTaQHKjqCCcj
oQWHaqoUPZJ67lYej7H3k9TVi8BTa3bC90PU4IITI0Utneqxe1kU4ePcud2D0JAyCDznNb9rB4S+
HAEl/e/bdb2/wJvmGeyJ0jBHdiCfWua+Heu3dtqKQ26EpcIYZEdtwRVGIJiSBkx5WJz3UxnHFZOg
eB9X1vUwmqTC1kklIuJJH8yQuT8+AOM5zyeafskpaHtrMJ1KbjXk2uy6+r7HsPgnxG/i6zvL86f9
ks47jybfdLveXABLNjgdRwM9+a60AAYAwKp6Vpdpoul2+nWMfl20C7UXqfUk+pJyT7mrlbWR5jdz
y/4na9eXOpWvhPTZWi8+PzbyRDzs5+X6ccjvlR0yDyfiH4ewjwg/2GItqNtmcHqZRj5k9+OR7j3r
Y8TIbH4xtLcDEd7aL5JPcgLx9f3bV2qASIrofcGvDzPF1aNeKi7Ja+p10KcXTd+p8okEHrweRXVe
Ary/sfEAmtbR7q1ZRFexDG1o24Gc8Zz0/H3rtNW+FMMviO8v5dQitNE/1/lp/rFzy656Ko5OeeDW
X4Shg+yanDBH5Rk23MYPUREyIB+HmRk+m6vWwuIpYl2g+1/K5y1YSpxu/M2bSyhFsIrVDDaZJSMM
clSeNzdScY71MLZrA+dZySQvnJKHr9R3/GpNOkV7VOxAwR6Gp53VYiSeK+q9jT5eTlVj591qnPzX
1PSfCeutrOmgzYFxHw4BzzxyPYggjPOGx1BroK86+GyS/a7xsERCJR/wLr/I/pXotfP1YKFSUV0Z
7dOTlBSfU5rxn4Pt/FunRxmU299btvtrheqNxwfY4H0IBrhIX8caJ/o1xoragEOPOtmDbvqB0P4D
6V7BUctvDMQZIlYjoSORXNVoUqytUjc1jOUPhZ5FcaJ4q8UlIdWjGlaaxGbcEGSbngbep/HA7nNd
TbeA7TTrSznEYM8KzrMo53JLt3D3wEUfgfWuzitYICWihRGPUgcn8alqqdOFKPJBWQpScndnkeo+
FNRtp3uLLdLE/IdBvB+o9ffj8etR2PhbWNRuFSZGVepBQqB7nP8An2NesPY27sWMeCTklCVyffFS
xxRwriNAueuO9dixlZR5VI53hqTlzWKOi6RDo1gtvF8zHl3/ALxrRoormNz/2Q==
"
"__export__.product_public_category_625","PAPER","__export__.product_public_category_410","0",""
"__export__.product_public_category_658","PLIER","__export__.product_public_category_406","0",""
"__export__.product_public_category_412","PNEUMATICS","","0","/9j/4AAQSkZJRgABAQAAAQABAAD/2wBDAAgGBgcGBQgHBwcJCQgKDBQNDAsLDBkSEw8UHRofHh0a
HBwgJC4nICIsIxwcKDcpLDAxNDQ0Hyc5PTgyPC4zNDL/2wBDAQkJCQwLDBgNDRgyIRwhMjIyMjIy
MjIyMjIyMjIyMjIyMjIyMjIyMjIyMjIyMjIyMjIyMjIyMjIyMjIyMjIyMjL/wAARCABAAEADASIA
AhEBAxEB/8QAHwAAAQUBAQEBAQEAAAAAAAAAAAECAwQFBgcICQoL/8QAtRAAAgEDAwIEAwUFBAQA
AAF9AQIDAAQRBRIhMUEGE1FhByJxFDKBkaEII0KxwRVS0fAkM2JyggkKFhcYGRolJicoKSo0NTY3
ODk6Q0RFRkdISUpTVFVWV1hZWmNkZWZnaGlqc3R1dnd4eXqDhIWGh4iJipKTlJWWl5iZmqKjpKWm
p6ipqrKztLW2t7i5usLDxMXGx8jJytLT1NXW19jZ2uHi4+Tl5ufo6erx8vP09fb3+Pn6/8QAHwEA
AwEBAQEBAQEBAQAAAAAAAAECAwQFBgcICQoL/8QAtREAAgECBAQDBAcFBAQAAQJ3AAECAxEEBSEx
BhJBUQdhcRMiMoEIFEKRobHBCSMzUvAVYnLRChYkNOEl8RcYGRomJygpKjU2Nzg5OkNERUZHSElK
U1RVVldYWVpjZGVmZ2hpanN0dXZ3eHl6goOEhYaHiImKkpOUlZaXmJmaoqOkpaanqKmqsrO0tba3
uLm6wsPExcbHyMnK0tPU1dbX2Nna4uPk5ebn6Onq8vP09fb3+Pn6/9oADAMBAAIRAxEAPwD3+isC
60XWZbuaa38T3UKMxaOJraJljz2HygkYz97PWoW0nxZGN0Pim1kYdFuNLBVvY7HU/lTsB0tFcw3i
e90cY8R6VJbxDrfWebi3+rYG9B7suP8AarTbxJoq6dBqB1W0+xzuI4pxKCjMewYcUJN7AalFZmpe
ItF0iBJ9R1WytY5BmNpZlXePVeefwp+la5pWuQmXS9Rtb1F+8YJVfb9cdPxp8krXtoK62NCiiipG
FFFFABXkfjjw7PqnjFbPw5pccV0tsLi6ljCRJIXYgM57n5SM4J5PpXrlRfZoPtX2ryY/tGzy/N2j
ftznbnrjPOK1o1XSlzLcmceZWZ8828154euZLh3k07ULSRoSIkWRlYdflAOVPtx3on8T32p3q6ut
1HFeIhT7VZxrEzDvl1+906Hp6CrXir/QPF2swXACbrxpUkIPRgGxnoPvd6wWu7ASvB5se9zl0Xkn
PcjrzXsQg5SVR6prt+Rwydk4o+jPDt3eX3hzTrq/TZdzW6PKMY5I647Z647ZrTrjfh74l/tjSfsF
y4N/ZKqsc/62Porj+R9x7iuyrxqsHCbTR3QacU0FFFFZlBRRRQB5Z8UdKS01Ky1wx+ZbzFYLqPJG
4r8w5BzyoZePQV2P/CDeF/7Nnso9Fso4p02u8cS+YeODv+9kdjniqXxPiSTwBqLMMtGYnT2PmKP5
Ej8a6q2VktYkf7yooP1xXTOpJ0oa7N/p/mZRilNngajU/BHiswE7ruybMbEYW5hb+jAfgwPpXuul
anbazpdvqFoxaCdNy56j1B9wcg+4rkvid4eGqaB/aVtAz32n/OpT7zRZG9ffA+YD1XjrzxHw+8SS
2Hia2sIWM0eocSWqHJHpKB2A7nuPcCuipbEUvabSW/8AX5ERvTny9Ge4UUUV5x0BRRRQByPi6z1L
XdS0zQoLRxpkki3N7dn7oWNgRH9Scf8A6s111FFU53Sj2ElZthWbpmgaToxdtOsIbdnLFmReeTkj
J5Az2HFaVFTfoM//2Q==
"
"__export__.product_public_category_413","POWER TOOLS","","0","/9j/4AAQSkZJRgABAQAAAQABAAD/2wBDAAgGBgcGBQgHBwcJCQgKDBQNDAsLDBkSEw8UHRofHh0a
HBwgJC4nICIsIxwcKDcpLDAxNDQ0Hyc5PTgyPC4zNDL/2wBDAQkJCQwLDBgNDRgyIRwhMjIyMjIy
MjIyMjIyMjIyMjIyMjIyMjIyMjIyMjIyMjIyMjIyMjIyMjIyMjIyMjIyMjL/wAARCABAAEADASIA
AhEBAxEB/8QAHwAAAQUBAQEBAQEAAAAAAAAAAAECAwQFBgcICQoL/8QAtRAAAgEDAwIEAwUFBAQA
AAF9AQIDAAQRBRIhMUEGE1FhByJxFDKBkaEII0KxwRVS0fAkM2JyggkKFhcYGRolJicoKSo0NTY3
ODk6Q0RFRkdISUpTVFVWV1hZWmNkZWZnaGlqc3R1dnd4eXqDhIWGh4iJipKTlJWWl5iZmqKjpKWm
p6ipqrKztLW2t7i5usLDxMXGx8jJytLT1NXW19jZ2uHi4+Tl5ufo6erx8vP09fb3+Pn6/8QAHwEA
AwEBAQEBAQEBAQAAAAAAAAECAwQFBgcICQoL/8QAtREAAgECBAQDBAcFBAQAAQJ3AAECAxEEBSEx
BhJBUQdhcRMiMoEIFEKRobHBCSMzUvAVYnLRChYkNOEl8RcYGRomJygpKjU2Nzg5OkNERUZHSElK
U1RVVldYWVpjZGVmZ2hpanN0dXZ3eHl6goOEhYaHiImKkpOUlZaXmJmaoqOkpaanqKmqsrO0tba3
uLm6wsPExcbHyMnK0tPU1dbX2Nna4uPk5ebn6Onq8vP09fb3+Pn6/9oADAMBAAIRAxEAPwD3+iiq
eq6rY6Jpk+pandR21nAAZJZDwuTgfmSBjuTQBcorzu8+Lmn5K6VpV9fH+GR9sEbD1BbLf+O1x2s+
OfFF7cefcXDaZY4ANvaNyB3beQGJHccDA4Getwg5OxE58keY9xmuIbaIyTypFGOrOwUD8TWcfE+g
BWY65poVThibtMA/nXgN3cWhlaS6a4uZO8khDk/8CZs1RbWdPRwFikB6BjtOPyJrpWFXVnI8Y+kT
6S0/XNJ1V2TT9Ss7t1GWWCZXIHrgHpV+vl1fFf8AZ80V9a33kXMRJj2AtIuDg5X06g54xX0L4Q8S
ReK/DVrqsahHcFJox0SRThgPbPI9iKxq0lDVO5vRrOeklYj8Za/L4a0NNQji3obqCGV848pJJAhf
oc4yODWXPJPcPcQ3Og3V7DkY+2vlWUg7gVPy8EHHHQ119za297btBdQRzwtgmORQynByOD6EA/hV
Kbw/plwf39u0oyTiSV2GT1OCevv2rJM2PljU7jW9Cvr3RIIcWtpdTRQ7ZnICBshSVIzjOOTWPLJq
DOJJLyOMA7mSNRggepzk/rX0YvwS8H+dvmTUZ0yT5cl64Xk5P3cHr3zmri/B/wADQW8yW/h+3V5E
ZQ8skkpUkYyN7GnzBY8MlsbaNyPtUCRFEdGZWckEcgADHBHcjrWbebTvijlV4yeoTaT+GTj867j4
TeGNF8TajqEev2rTz20S7LcyMqBt7LISFIzjCjHTk0vjLwxpek/EC8061sYYraTTYrm3iQEKjZZW
OPqtdFoOp5mHtasaHKnpt/Vv1uctYeDdb8XS7tKsZJABiWRsLGGKjOSSO4LdzzxX0h4L8NDwl4Vs
9HMyzywhmlmVdu92YsTjJ9cfQVxHwMumOiazp7IgFvfCQMDyd6DqPbbwf8K9WrKrK8rFUY2imFFF
FZGwUUUUAeIeFFbw98fNa004VLuaYqO22VROMfihFaHxStxB4/8ADt2f+XuzuLY/8AKsP/QzSfE7
TLvQ/G+keNbW3eS1jEcd15fZo33LuPYOpZM9AcZ61zXjz4g6X4t13w++lW14YdOeSW4kmi8vAcKN
oBOT05/DGa6IfFGRzzXuyib/AMGpfI8UeIrPGPMhhlx/us4/9mFezV4D8Nr+8k+KOdNh8y3nidLx
ipIjiALA57HeFA9cn6j36pr/ABsrDv8AdoKKKKxNgooooAa6LJG0bqGRgQysMgg9jXNS/DvwfLcm
4fw7p/mE5OIsL/3yOP0rp6KabWwmk9zzj4TwraP4vs41CxW+vzxxqBgKoCgAewAFej1WtNOsrB7h
7Ozgt2uJTNMYowpkkPVmx1J9TVmkM//Z
"
"__export__.product_public_category_414","POWER TRANSMISSION","","0",""
"__export__.product_public_category_612","PROTACTOR","__export__.product_public_category_412","0",""
"__export__.product_public_category_626","REGISTER","__export__.product_public_category_410","0",""
"__export__.product_public_category_659","RING SPANNER","__export__.product_public_category_406","0",""
"__export__.product_public_category_637","RUBBER BAND","__export__.product_public_category_408","0",""
"__export__.product_public_category_605","RUBBER TIMING BELTS","__export__.product_public_category_414","0",""
"__export__.product_public_category_415","SAFETY","","0","/9j/4AAQSkZJRgABAQAAAQABAAD/2wBDAAgGBgcGBQgHBwcJCQgKDBQNDAsLDBkSEw8UHRofHh0a
HBwgJC4nICIsIxwcKDcpLDAxNDQ0Hyc5PTgyPC4zNDL/2wBDAQkJCQwLDBgNDRgyIRwhMjIyMjIy
MjIyMjIyMjIyMjIyMjIyMjIyMjIyMjIyMjIyMjIyMjIyMjIyMjIyMjIyMjL/wAARCABAAEADASIA
AhEBAxEB/8QAHwAAAQUBAQEBAQEAAAAAAAAAAAECAwQFBgcICQoL/8QAtRAAAgEDAwIEAwUFBAQA
AAF9AQIDAAQRBRIhMUEGE1FhByJxFDKBkaEII0KxwRVS0fAkM2JyggkKFhcYGRolJicoKSo0NTY3
ODk6Q0RFRkdISUpTVFVWV1hZWmNkZWZnaGlqc3R1dnd4eXqDhIWGh4iJipKTlJWWl5iZmqKjpKWm
p6ipqrKztLW2t7i5usLDxMXGx8jJytLT1NXW19jZ2uHi4+Tl5ufo6erx8vP09fb3+Pn6/8QAHwEA
AwEBAQEBAQEBAQAAAAAAAAECAwQFBgcICQoL/8QAtREAAgECBAQDBAcFBAQAAQJ3AAECAxEEBSEx
BhJBUQdhcRMiMoEIFEKRobHBCSMzUvAVYnLRChYkNOEl8RcYGRomJygpKjU2Nzg5OkNERUZHSElK
U1RVVldYWVpjZGVmZ2hpanN0dXZ3eHl6goOEhYaHiImKkpOUlZaXmJmaoqOkpaanqKmqsrO0tba3
uLm6wsPExcbHyMnK0tPU1dbX2Nna4uPk5ebn6Onq8vP09fb3+Pn6/9oADAMBAAIRAxEAPwD3+iii
gAooooAKKKKACiiigAoorz7VLjxJ4z1W907Rb59E0Cxla3udSjXNxdSrw6Q5+6qnKl/UEDOCKAOo
1vxZoHhxC2r6vaWZxnZJKN5Hsg+Y/gK426+O/gaCTbBeXd37wWrf+zbauaR8NfB+iuZRpEd9dE5e
51H/AEmRz/eO75QfoBW9Dd+TH5Wm2UcSY4EaADr2Cjp78VSjcls5KD4z2mpyiLRPCviLUHPdbZVX
89xx+NbsfjDUxDJ9v0L+zpsDyonu0ndjkDlI846jvgdyKuvHq8yuZGZl/uNKqE/gM/qRRb6LBGn7
0sd3LRxttX8SPmb6k1SUVuK7exiaZ4uv4L+VNUiXc2fLt0mBd+RjhsBXAzlc4Pb32PCfjvR/GMl7
Fpy3UU9mwE0VzFsYZLAEYJBGVPftU91Y2j6fJZ/ZYlgdSNqIBg+o9/eqvgvStOsv7TuILOOO+e5M
d1c7MPOQAykn6P24okk1dArp2ZJ428Wf8ItpkAtbVr3Vr6X7Np9ov/LWU9z6KOpP8s1ha7q0/wAO
vh/p8c95FPfggXLmVVkldyWleNWB3He2cY6Ek9K6fxH4bXXktp4L2XT9Tsy7Wl9Ciu0JddrDawII
IPI9hgjFcrpPwf0eO+fUvEl5c+JNScj99fE7AB0GzJyPZiR6AVCdimbdvqS6no0N5DKxjubdZRIF
XaQVB4I5Unp+eK2UVYYxGmAoHbv70y901nB8kYXbtCrgbOMcD0qv9rjtVSK6LROBgF1OGx74q99i
dtya7neG0mkjwXVCVB6ZqISyQSKkzsUkAKOwwM45GaVEbUdqxI625ILysMbgOy/X19K2XRXUq6hl
PUEZFJ6aD3MS8uktIS78sfugDJP5fy71d0e1a2sizxmOSZzKyH+HPQfkBU8On2lvJ5kVtEj/AN4L
z+dWaTelkCWt2FFFFSUFFFFABRRRQAUUUUAf/9k=
"
"__export__.product_public_category_416","Saleable","","0",""
"__export__.product_public_category_736","SANDRING WHEEL","__export__.product_public_category_397","0",""
"__export__.product_public_category_417","SAWING AND CUTTING","","0",""
"__export__.product_public_category_737","SCF DISCS","__export__.product_public_category_397","0",""
"__export__.product_public_category_660","SCREW DRIVERS","__export__.product_public_category_406","0",""
"__export__.product_public_category_661","SEALING WIRE","__export__.product_public_category_406","0",""
"__export__.product_public_category_711","SHOAP","__export__.product_public_category_400","0",""
"__export__.product_public_category_712","SOAP","__export__.product_public_category_400","0",""
"__export__.product_public_category_662","SOCKET SPANNERS","__export__.product_public_category_406","0",""
"__export__.product_public_category_663","SOLDERING GUN","__export__.product_public_category_406","0",""
"__export__.product_public_category_664","SPANNERS","__export__.product_public_category_406","0",""
"__export__.product_public_category_665","SPANNER SET","__export__.product_public_category_406","0",""
"__export__.product_public_category_716","SPHERICAL BEARINGS","__export__.product_public_category_399","0",""
"__export__.product_public_category_615","SPREY","__export__.product_public_category_411","0",""
"__export__.product_public_category_627","STATIONARY","__export__.product_public_category_410","0",""
"__export__.product_public_category_638","STRAP","__export__.product_public_category_408","0",""
"__export__.product_public_category_666","STRAPPING DISPENSER","__export__.product_public_category_406","0",""
"__export__.product_public_category_723","SURFACE PROTECTION TAPES","__export__.product_public_category_398","0",""
"__export__.product_public_category_667","SWIVEL CLAMP","__export__.product_public_category_406","0",""
"__export__.product_public_category_703","TAP","__export__.product_public_category_403","0",""
"__export__.product_public_category_724","TAPES","__export__.product_public_category_398","0",""
"__export__.product_public_category_704","TAPS","__export__.product_public_category_403","0",""
"__export__.product_public_category_628","TEA FLASK","__export__.product_public_category_410","0",""
"__export__.product_public_category_629","TELEPHONE","__export__.product_public_category_410","0",""
"__export__.product_public_category_668","TENSIONER","__export__.product_public_category_406","0",""
"__export__.product_public_category_669","TESTER","__export__.product_public_category_406","0",""
"__export__.product_public_category_418","TESTING AND MEASURING INSTRUMENTS","","0",""
"__export__.product_public_category_589","TIPS","__export__.product_public_category_419","0",""
"__export__.product_public_category_630","TISSUE BOX","__export__.product_public_category_410","0",""
"__export__.product_public_category_670","TOGGLE CLAMP","__export__.product_public_category_406","0",""
"__export__.product_public_category_705","TOOLBIT","__export__.product_public_category_403","0",""
"__export__.product_public_category_671","TOOL KIT","__export__.product_public_category_406","0",""
"__export__.product_public_category_672","TORQUE WRENCH","__export__.product_public_category_406","0",""
"__export__.product_public_category_673","TROLLEY WHEEL","__export__.product_public_category_406","0",""
"__export__.product_public_category_674","TWEESER","__export__.product_public_category_406","0",""
"__export__.product_public_category_631","VACCUM CLEANERS","__export__.product_public_category_410","0",""
"__export__.product_public_category_606","V BELTS","__export__.product_public_category_414","0",""
"__export__.product_public_category_738","VELCRO DISCS","__export__.product_public_category_397","0",""
"__export__.product_public_category_739","VIBRO STONE","__export__.product_public_category_397","0",""
"__export__.product_public_category_675","VICES","__export__.product_public_category_406","0",""
"__export__.product_public_category_687","WASHERS","__export__.product_public_category_405","0",""
"__export__.product_public_category_713","WASTE","__export__.product_public_category_400","0",""
"__export__.product_public_category_632","WATER DISPENSER","__export__.product_public_category_410","0",""
"__export__.product_public_category_419","WELDING","","0","/9j/4AAQSkZJRgABAQAAAQABAAD/2wBDAAgGBgcGBQgHBwcJCQgKDBQNDAsLDBkSEw8UHRofHh0a
HBwgJC4nICIsIxwcKDcpLDAxNDQ0Hyc5PTgyPC4zNDL/2wBDAQkJCQwLDBgNDRgyIRwhMjIyMjIy
MjIyMjIyMjIyMjIyMjIyMjIyMjIyMjIyMjIyMjIyMjIyMjIyMjIyMjIyMjL/wAARCABAAEADASIA
AhEBAxEB/8QAHwAAAQUBAQEBAQEAAAAAAAAAAAECAwQFBgcICQoL/8QAtRAAAgEDAwIEAwUFBAQA
AAF9AQIDAAQRBRIhMUEGE1FhByJxFDKBkaEII0KxwRVS0fAkM2JyggkKFhcYGRolJicoKSo0NTY3
ODk6Q0RFRkdISUpTVFVWV1hZWmNkZWZnaGlqc3R1dnd4eXqDhIWGh4iJipKTlJWWl5iZmqKjpKWm
p6ipqrKztLW2t7i5usLDxMXGx8jJytLT1NXW19jZ2uHi4+Tl5ufo6erx8vP09fb3+Pn6/8QAHwEA
AwEBAQEBAQEBAQAAAAAAAAECAwQFBgcICQoL/8QAtREAAgECBAQDBAcFBAQAAQJ3AAECAxEEBSEx
BhJBUQdhcRMiMoEIFEKRobHBCSMzUvAVYnLRChYkNOEl8RcYGRomJygpKjU2Nzg5OkNERUZHSElK
U1RVVldYWVpjZGVmZ2hpanN0dXZ3eHl6goOEhYaHiImKkpOUlZaXmJmaoqOkpaanqKmqsrO0tba3
uLm6wsPExcbHyMnK0tPU1dbX2Nna4uPk5ebn6Onq8vP09fb3+Pn6/9oADAMBAAIRAxEAPwD3+iiv
KfGXifUNV8SXOgadM0NjZBFujE2155G/gz1AAB9Mn2qoxcnZCk7K56tmivIrEwxyTWM0STPAqzMY
pZBLApyVO4HcM4bBUqeOQRXQ+EvFF2niW48Katcm6kFv9s069cAPPBnDJJgAGRDxkAbgM4Bzlzg4
gnc7yiiqV5rGmadIsd7qNpbOxAVZp1QnPTqagZdopqOkiB0YMp6FTkGnUAFeQWGjRWPxQ8Q2U6r5
97It/ZhjjzPmYyBST1AdTj0Bx0r1+vNPiJ4k8Bi/TSde1Sa11S22yR3FokhltmPKneg+VsHOOuD6
Hm4ScXdCkrodo9pawz6z4hmmWO3v5AZZJW2xwwJuTAPJD8AkH2rJ0GGTV/ivod9CjrFZ6S9zKG6o
so2op9zknHsa4vU9X0yLy21zXvEmv4hMtnbTxRrbStkhXba5OPqM9fpXWfDf+2dQe68UWaBpnQxG
CZmSO8HX7+DsKkYHykdRkVnVquLSZUKas2ehePPEcnhfwpcX1uAbx2W3tQwyPNc4XP06/hXneieH
bea6n8zVIZ9RSXdcOZB5xk43BwxyRk+hHQVt+MNYg8U+FY7ZYZLXVbe6juRZTIS26FgzLkDHTP4V
c1fT9I8RWMV1NGt1Y30eY5DKQ0Z4AEeBlWOSGwQfl6VrQqRafK9SZxaauY+pWlydPlW0mNtqNohu
LK9t2ClZRkjKjjawG1kOVIPTpju/BfiRfFvhHTtaEYie4jPmxg8JIpKuB7ZBx7YrhNZlj0Xw/cXM
s8ptrK2kVZrmUvJnOApJ5OSQBnJrqvhfoVx4e8AadZ3kbR3Th7iWNhgoZGLBSOxAIBHrmiolcFsd
gelfIvirX5U8W65qVpaQSTTarNG73Vok6mNTtjjCuCATsbOBk8DPBr66ryb4k+A0sbe68V+GbltM
1QSeZdASN5c+87SxHIVhuzkDHXvzWTsldlLXQ8G1GJrXWJtPnSJZ4mIaO3YlIifnZBnkBWZlx2II
ycZr0jwT8Q00Lw5JYXEd40dmFSHy9oARmdzk565OBx0x6VysPg/V0tB9lgs5PlPzLKA7n1G4DNdG
dFXULOK2OkW2hWqAI93MzB3wclsZzLJkemO3ArkxNWE4cqd/Q6aVOSd2a8jWPiGVNYsLy7t4byYM
ImYrJ5oY5bdyByG9utNttatLC9a3t59Ui1BhmdYbkRxSDrkgDlwBwcA+tWpZdPNtaeHLBLu3sYkW
FrpQoaHedoY5wWY7mOBzyTWtoXwmnstT87UdQS5hRiR5asJJT6MT90euCSemRXPQjUbvTf8AXmaz
cErTO0stE0a4ktpJbT7S1tJ50L3LtJh+zkE4LDOQxyQemK6iqVpZiAVdr1DgCoL2zg1Cyms7qMSQ
TIUdD3BqeijcDzuL4ZPJqDLe6l5mmLyIo1KSzf7LvngY67cE+o6V2lnpNtYwRwW0MUEMY2pHEoVV
HoAK0KKinTjT0ii5zlP4mUG0XTX1JNRksbd72NQqXDRguoGehPTqfzq8ABS0VZAUUUUAf//Z
"
"__export__.product_public_category_590","WELDING ACCESSORIES","__export__.product_public_category_419","0",""
"__export__.product_public_category_604","WELDING GLASS","__export__.product_public_category_415","0",""
"__export__.product_public_category_591","WELDING WIRE","__export__.product_public_category_419","0",""
"__export__.product_public_category_740","WHEEL DRESSER","__export__.product_public_category_397","0",""
"__export__.product_public_category_420","WIRE MESH","","0",""
"__export__.product_public_category_676","WRENCH","__export__.product_public_category_406","0",""
"website_sale.categ_others","Others","","0",""
